Year,State,Food-at-home per capita sales (nominal U.S. dollars),Food-away-from-home per capita sales (nominal U.S. dollars),Total food per capita sales (nominal U.S. dollars),Food-at-home per capita sales (constant U.S. dollars (1988=100)),Food-away-from-home per capita sales (constant U.S. dollars (1988=100)),Total food per capita sales (constant U.S. dollars (1988=100))
2018,Alabama,"2,364.30","2,606.79","4,971.09","1,148.14","1,158.27","2,306.41"
2019,Alabama,"2,436.07","2,724.87","5,160.94","1,174.90","1,174.62","2,349.52"
2020,Alabama,"2,529.61","2,457.99","4,987.60","1,178.55","1,031.41","2,209.96"
2021,Alabama,"2,707.77","2,998.09","5,705.86","1,219.66","1,211.21","2,430.87"
2022,Alabama,"3,040.84","3,222.99","6,263.83","1,229.75","1,208.18","2,437.93"
2023,Alabama,"3,064.24","3,366.21","6,430.45","1,176.35","1,178.06","2,354.41"
2024,Alabama,"3,075.04","3,405.37","6,480.41","1,166.00","1,147.19","2,313.19"
2018,Alaska,"3,186.02","2,885.91","6,071.93","1,503.95","1,253.74","2,757.69"
2019,Alaska,"3,273.18","3,009.08","6,282.26","1,521.90","1,262.37","2,784.27"
2020,Alaska,"3,370.97","2,600.35","5,971.32","1,507.27","1,043.11","2,550.38"
2021,Alaska,"3,489.59","3,225.45","6,715.04","1,495.10","1,233.72","2,728.82"
2022,Alaska,"3,838.87","3,669.24","7,508.11","1,476.38","1,308.17","2,784.55"
2023,Alaska,"3,824.96","3,887.94","7,712.90","1,405.96","1,290.02","2,695.98"
2024,Alaska,"3,814.00","4,002.50","7,816.50","1,382.58","1,269.34","2,651.92"
2018,Arizona,"2,575.66","2,702.62","5,278.28","1,215.83","1,174.12","2,389.95"
2019,Arizona,"2,596.87","2,798.35","5,395.22","1,207.45","1,173.96","2,381.41"
2020,Arizona,"2,928.85","2,652.95","5,581.80","1,309.58","1,064.21","2,373.79"
2021,Arizona,"3,091.92","3,272.25","6,364.17","1,324.72","1,251.62","2,576.34"
2022,Arizona,"3,330.12","3,671.45","7,001.57","1,280.72","1,308.95","2,589.67"
2023,Arizona,"3,405.08","3,896.42","7,301.50","1,251.62","1,292.83","2,544.45"
2024,Arizona,"3,478.85","4,005.70","7,484.55","1,261.09","1,270.35","2,531.44"
2018,Arkansas,"2,475.97","2,331.10","4,807.07","1,202.37","1,035.77","2,238.14"
2019,Arkansas,"2,461.48","2,437.18","4,898.66","1,187.16","1,050.60","2,237.76"
2020,Arkansas,"2,666.90","2,346.26","5,013.16","1,242.51",984.53,"2,227.04"
2021,Arkansas,"2,890.73","2,848.70","5,739.43","1,302.07","1,150.86","2,452.93"
2022,Arkansas,"3,300.88","3,128.71","6,429.59","1,334.91","1,172.84","2,507.75"
2023,Arkansas,"3,372.43","3,259.92","6,632.35","1,294.67","1,140.87","2,435.54"
2024,Arkansas,"3,412.11","3,311.37","6,723.48","1,293.81","1,115.53","2,409.34"
2018,California,"2,336.82","3,384.95","5,721.77","1,103.09","1,470.54","2,573.63"
2019,California,"2,405.65","3,551.46","5,957.11","1,118.53","1,489.91","2,608.44"
2020,California,"2,615.17","2,953.78","5,568.95","1,169.32","1,184.89","2,354.21"
2021,California,"2,787.62","3,752.69","6,540.31","1,194.34","1,435.38","2,629.72"
2022,California,"3,036.54","4,471.75","7,508.29","1,167.81","1,594.28","2,762.09"
2023,California,"3,116.39","5,138.49","8,254.88","1,145.51","1,704.95","2,850.46"
2024,California,"3,190.84","5,504.33","8,695.17","1,156.69","1,745.63","2,902.32"
2018,Colorado,"2,734.39","3,229.65","5,964.04","1,290.76","1,403.08","2,693.84"
2019,Colorado,"2,821.56","3,347.21","6,168.77","1,311.92","1,404.22","2,716.14"
2020,Colorado,"3,072.47","2,941.52","6,013.99","1,373.80","1,179.97","2,553.77"
2021,Colorado,"3,194.61","3,750.70","6,945.31","1,368.71","1,434.62","2,803.33"
2022,Colorado,"3,472.33","4,276.10","7,748.43","1,335.41","1,524.53","2,859.94"
2023,Colorado,"3,457.25","4,603.98","8,061.23","1,270.80","1,527.60","2,798.40"
2024,Colorado,"3,444.52","4,773.31","8,217.83","1,248.65","1,513.79","2,762.44"
2018,Connecticut,"2,235.71","2,910.82","5,146.53","1,069.07","1,313.83","2,382.90"
2019,Connecticut,"2,268.15","3,012.26","5,280.41","1,075.97","1,321.72","2,397.69"
2020,Connecticut,"2,346.22","2,526.44","4,872.66","1,076.13","1,069.86","2,145.99"
2021,Connecticut,"2,485.22","3,164.66","5,649.88","1,113.73","1,279.20","2,392.93"
2022,Connecticut,"2,675.88","3,650.64","6,326.52","1,088.95","1,380.56","2,469.51"
2023,Connecticut,"2,670.04","3,944.76","6,614.80","1,036.99","1,395.93","2,432.92"
2024,Connecticut,"2,663.76","4,065.68","6,729.44","1,025.29","1,378.60","2,403.89"
2018,Delaware,"2,386.28","2,932.87","5,319.15","1,158.81","1,303.15","2,461.96"
2019,Delaware,"2,368.21","3,037.27","5,405.48","1,142.18","1,309.29","2,451.47"
2020,Delaware,"2,483.34","2,606.36","5,089.70","1,156.99","1,093.67","2,250.66"
2021,Delaware,"2,658.92","3,301.73","5,960.65","1,197.66","1,333.88","2,531.54"
2022,Delaware,"2,934.74","3,741.15","6,675.89","1,186.84","1,402.42","2,589.26"
2023,Delaware,"2,920.94","3,966.48","6,887.42","1,121.34","1,388.14","2,509.48"
2024,Delaware,"2,919.30","4,086.88","7,006.18","1,106.94","1,376.78","2,483.72"
2018,District of Columbia,"1,909.28","6,856.85","8,766.13",927.17,"3,046.68","3,973.85"
2019,District of Columbia,"1,947.74","7,146.71","9,094.45",939.39,"3,080.76","4,020.15"
2020,District of Columbia,"2,104.45","4,855.44","6,959.89",980.46,"2,037.42","3,017.88"
2021,District of Columbia,"2,255.66","6,152.33","8,407.99","1,016.02","2,485.50","3,501.52"
2022,District of Columbia,"2,614.74","8,369.94","10,984.68","1,057.43","3,137.58","4,195.01"
2023,District of Columbia,"2,751.54","10,178.77","12,930.31","1,056.31","3,562.25","4,618.56"
2024,District of Columbia,"2,868.72","11,363.93","14,232.65","1,087.76","3,828.26","4,916.02"
2018,Florida,"2,490.39","3,189.91","5,680.30","1,209.37","1,417.36","2,626.73"
2019,Florida,"2,534.12","3,323.07","5,857.19","1,222.19","1,432.49","2,654.68"
2020,Florida,"2,718.58","2,924.33","5,642.91","1,266.59","1,227.10","2,493.69"
2021,Florida,"2,888.32","3,719.84","6,608.16","1,300.98","1,502.79","2,803.77"
2022,Florida,"3,171.33","4,086.97","7,258.30","1,282.52","1,532.05","2,814.57"
2023,Florida,"3,226.60","4,329.77","7,556.37","1,238.68","1,515.28","2,753.96"
2024,Florida,"3,294.36","4,526.46","7,820.82","1,249.16","1,524.86","2,774.02"
2018,Georgia,"2,578.04","2,971.04","5,549.08","1,251.93","1,320.11","2,572.04"
2019,Georgia,"2,650.71","3,104.65","5,755.36","1,278.43","1,338.33","2,616.76"
2020,Georgia,"2,833.11","2,815.61","5,648.72","1,319.95","1,181.48","2,501.43"
2021,Georgia,"3,012.89","3,380.36","6,393.25","1,357.09","1,365.64","2,722.73"
2022,Georgia,"3,281.05","3,778.47","7,059.52","1,326.89","1,416.41","2,743.30"
2023,Georgia,"3,322.59","3,986.64","7,309.23","1,275.53","1,395.20","2,670.73"
2024,Georgia,"3,375.69","4,083.31","7,459.00","1,280.00","1,375.58","2,655.58"
2018,Hawaii,"2,539.02","4,986.22","7,525.24","1,198.54","2,166.19","3,364.73"
2019,Hawaii,"2,668.85","5,273.47","7,942.32","1,240.91","2,212.32","3,453.23"
2020,Hawaii,"2,716.81","3,717.67","6,434.48","1,214.77","1,491.32","2,706.09"
2021,Hawaii,"2,948.64","5,005.71","7,954.35","1,263.33","1,914.66","3,177.99"
2022,Hawaii,"3,297.30","6,011.06","9,308.36","1,268.09","2,143.08","3,411.17"
2023,Hawaii,"3,313.17","6,722.49","10,035.66","1,217.84","2,230.52","3,448.36"
2024,Hawaii,"3,322.01","7,131.07","10,453.08","1,204.24","2,261.52","3,465.76"
2018,Idaho,"2,695.67","2,245.73","4,941.40","1,272.49",975.63,"2,248.12"
2019,Idaho,"2,822.07","2,365.64","5,187.71","1,312.16",992.43,"2,304.59"
2020,Idaho,"3,016.95","2,248.93","5,265.88","1,348.98",902.14,"2,251.12"
2021,Idaho,"3,186.99","2,749.10","5,936.09","1,365.45","1,051.52","2,416.97"
2022,Idaho,"3,584.52","2,997.44","6,581.96","1,378.56","1,068.65","2,447.21"
2023,Idaho,"3,717.34","3,107.35","6,824.69","1,366.40","1,031.02","2,397.42"
2024,Idaho,"3,850.55","3,152.87","7,003.42","1,395.84",999.89,"2,395.73"
2018,Illinois,"2,289.99","2,979.24","5,269.23","1,165.02","1,291.01","2,456.03"
2019,Illinois,"2,327.44","3,107.24","5,434.68","1,178.27","1,311.44","2,489.71"
2020,Illinois,"2,445.29","2,646.86","5,092.15","1,203.20","1,089.39","2,292.59"
2021,Illinois,"2,576.55","3,165.32","5,741.87","1,225.75","1,239.71","2,465.46"
2022,Illinois,"2,796.69","3,689.94","6,486.63","1,178.90","1,329.10","2,508.00"
2023,Illinois,"2,789.16","4,044.55","6,833.71","1,117.44","1,363.93","2,481.37"
2024,Illinois,"2,778.57","4,231.48","7,010.05","1,100.91","1,379.07","2,479.98"
2018,Indiana,"2,252.99","2,533.52","4,786.51","1,146.20","1,097.87","2,244.07"
2019,Indiana,"2,290.05","2,624.41","4,914.46","1,159.34","1,107.66","2,267.00"
2020,Indiana,"2,391.64","2,411.95","4,803.59","1,176.80",992.70,"2,169.50"
2021,Indiana,"2,508.43","2,920.82","5,429.25","1,193.34","1,143.95","2,337.29"
2022,Indiana,"2,790.55","3,246.68","6,037.23","1,176.32","1,169.44","2,345.76"
2023,Indiana,"2,834.52","3,515.51","6,350.03","1,135.61","1,185.52","2,321.13"
2024,Indiana,"2,885.58","3,613.60","6,499.18","1,143.31","1,177.70","2,321.01"
2018,Iowa,"2,522.24","2,288.08","4,810.32","1,283.18",991.51,"2,274.69"
2019,Iowa,"2,561.96","2,355.25","4,917.21","1,296.99",994.06,"2,291.05"
2020,Iowa,"2,645.33","2,140.40","4,785.73","1,301.62",880.94,"2,182.56"
2021,Iowa,"2,845.50","2,638.24","5,483.74","1,353.70","1,033.28","2,386.98"
2022,Iowa,"3,122.67","2,893.02","6,015.69","1,316.32","1,042.06","2,358.38"
2023,Iowa,"3,106.47","3,021.43","6,127.90","1,244.57","1,018.90","2,263.47"
2024,Iowa,"3,092.89","3,077.52","6,170.41","1,225.45","1,002.99","2,228.44"
2018,Kansas,"2,442.49","2,426.78","4,869.27","1,242.60","1,051.61","2,294.21"
2019,Kansas,"2,478.73","2,526.77","5,005.50","1,254.86","1,066.45","2,321.31"
2020,Kansas,"2,614.50","2,359.77","4,974.27","1,286.46",971.23,"2,257.69"
2021,Kansas,"2,749.57","2,862.66","5,612.23","1,308.06","1,121.17","2,429.23"
2022,Kansas,"3,025.00","3,174.64","6,199.64","1,275.15","1,143.49","2,418.64"
2023,Kansas,"2,930.59","3,312.16","6,242.75","1,174.10","1,116.95","2,291.05"
2024,Kansas,"2,854.71","3,364.64","6,219.35","1,131.08","1,096.56","2,227.64"
2018,Kentucky,"2,441.84","2,567.40","5,009.24","1,185.79","1,140.77","2,326.56"
2019,Kentucky,"2,436.60","2,682.03","5,118.63","1,175.16","1,156.15","2,331.31"
2020,Kentucky,"2,573.35","2,465.54","5,038.89","1,198.92","1,034.58","2,233.50"
2021,Kentucky,"2,683.34","2,948.71","5,632.05","1,208.65","1,191.26","2,399.91"
2022,Kentucky,"2,958.30","3,286.15","6,244.45","1,196.37","1,231.86","2,428.23"
2023,Kentucky,"2,938.78","3,517.13","6,455.91","1,128.19","1,230.89","2,359.08"
2024,Kentucky,"2,922.78","3,610.46","6,533.24","1,108.26","1,216.28","2,324.54"
2018,Louisiana,"2,564.18","2,884.32","5,448.50","1,245.20","1,281.58","2,526.78"
2019,Louisiana,"2,619.68","2,994.12","5,613.80","1,263.46","1,290.69","2,554.15"
2020,Louisiana,"2,766.91","2,670.70","5,437.61","1,289.10","1,120.67","2,409.77"
2021,Louisiana,"3,066.18","3,293.84","6,360.02","1,381.10","1,330.69","2,711.79"
2022,Louisiana,"3,336.28","3,631.47","6,967.75","1,349.23","1,361.31","2,710.54"
2023,Louisiana,"3,381.10","3,831.25","7,212.35","1,297.99","1,340.82","2,638.81"
2024,Louisiana,"3,430.66","3,900.12","7,330.78","1,300.84","1,313.86","2,614.70"
2018,Maine,"3,057.84","3,082.47","6,140.31","1,462.20","1,391.31","2,853.51"
2019,Maine,"3,146.36","3,207.52","6,353.88","1,492.57","1,407.39","2,899.96"
2020,Maine,"3,284.49","2,630.09","5,914.58","1,506.48","1,113.75","2,620.23"
2021,Maine,"3,555.66","3,219.96","6,775.62","1,593.44","1,301.55","2,894.99"
2022,Maine,"3,819.66","3,703.54","7,523.20","1,554.41","1,400.56","2,954.97"
2023,Maine,"3,774.00","3,834.34","7,608.34","1,465.74","1,356.85","2,822.59"
2024,Maine,"3,745.99","3,931.06","7,677.05","1,441.85","1,332.95","2,774.80"
2018,Maryland,"2,179.60","2,875.64","5,055.24","1,058.44","1,277.72","2,336.16"
2019,Maryland,"2,205.50","2,985.34","5,190.84","1,063.70","1,286.90","2,350.60"
2020,Maryland,"2,291.55","2,460.85","4,752.40","1,067.64","1,032.61","2,100.25"
2021,Maryland,"2,488.01","3,001.00","5,489.01","1,120.67","1,212.39","2,333.06"
2022,Maryland,"2,762.63","3,447.49","6,210.12","1,117.24","1,292.34","2,409.58"
2023,Maryland,"2,790.08","3,645.18","6,435.26","1,071.10","1,275.70","2,346.80"
2024,Maryland,"2,811.70","3,718.10","6,529.80","1,066.14","1,252.55","2,318.69"
2018,Massachusetts,"2,440.74","3,515.52","5,956.26","1,167.12","1,586.77","2,753.89"
2019,Massachusetts,"2,522.64","3,659.53","6,182.17","1,196.69","1,605.72","2,802.41"
2020,Massachusetts,"2,566.39","2,821.16","5,387.55","1,177.11","1,194.66","2,371.77"
2021,Massachusetts,"2,648.16","3,587.06","6,235.22","1,186.75","1,449.93","2,636.68"
2022,Massachusetts,"2,834.37","4,285.39","7,119.76","1,153.45","1,620.60","2,774.05"
2023,Massachusetts,"2,873.50","4,778.65","7,652.15","1,116.01","1,691.01","2,807.02"
2024,Massachusetts,"2,909.80","5,054.45","7,964.25","1,119.99","1,713.87","2,833.86"
2018,Michigan,"2,152.40","2,343.47","4,495.87","1,095.02","1,015.51","2,110.53"
2019,Michigan,"2,199.25","2,426.08","4,625.33","1,113.37","1,023.95","2,137.32"
2020,Michigan,"2,251.35","2,055.32","4,306.67","1,107.77",845.92,"1,953.69"
2021,Michigan,"2,428.74","2,511.82","4,940.56","1,155.43",983.77,"2,139.20"
2022,Michigan,"2,774.94","2,904.58","5,679.52","1,169.74","1,046.22","2,215.96"
2023,Michigan,"2,853.52","3,183.60","6,037.12","1,143.22","1,073.59","2,216.81"
2024,Michigan,"2,936.48","3,347.23","6,283.71","1,163.48","1,090.89","2,254.37"
2018,Minnesota,"2,338.58","2,580.52","4,919.10","1,189.74","1,118.23","2,307.97"
2019,Minnesota,"2,360.80","2,657.73","5,018.53","1,195.16","1,121.72","2,316.88"
2020,Minnesota,"2,425.18","2,226.75","4,651.93","1,193.30",916.48,"2,109.78"
2021,Minnesota,"2,576.61","2,840.66","5,417.27","1,225.77","1,112.55","2,338.32"
2022,Minnesota,"2,728.15","3,239.89","5,968.04","1,150.01","1,167.00","2,317.01"
2023,Minnesota,"2,734.60","3,480.59","6,215.19","1,095.58","1,173.74","2,269.32"
2024,Minnesota,"2,761.27","3,631.69","6,392.96","1,094.06","1,183.60","2,277.66"
2018,Mississippi,"2,427.85","2,444.94","4,872.79","1,179.00","1,086.35","2,265.35"
2019,Mississippi,"2,470.16","2,546.76","5,016.92","1,191.34","1,097.84","2,289.18"
2020,Mississippi,"2,600.20","2,402.66","5,002.86","1,211.43","1,008.19","2,219.62"
2021,Mississippi,"2,768.83","2,929.46","5,698.29","1,247.16","1,183.48","2,430.64"
2022,Mississippi,"3,080.74","3,224.52","6,305.26","1,245.89","1,208.75","2,454.64"
2023,Mississippi,"3,069.93","3,397.06","6,466.99","1,178.54","1,188.86","2,367.40"
2024,Mississippi,"3,072.25","3,465.18","6,537.43","1,164.94","1,167.34","2,332.28"
2018,Missouri,"2,559.33","2,670.78","5,230.11","1,302.05","1,157.35","2,459.40"
2019,Missouri,"2,548.40","2,756.40","5,304.80","1,290.13","1,163.37","2,453.50"
2020,Missouri,"2,611.09","2,465.53","5,076.62","1,284.78","1,014.75","2,299.53"
2021,Missouri,"2,754.82","2,932.52","5,687.34","1,310.56","1,148.53","2,459.09"
2022,Missouri,"2,946.79","3,354.33","6,301.12","1,242.18","1,208.22","2,450.40"
2023,Missouri,"2,974.80","3,587.22","6,562.02","1,191.81","1,209.70","2,401.51"
2024,Missouri,"3,010.65","3,671.37","6,682.02","1,192.86","1,196.53","2,389.39"
2018,Montana,"2,785.24","2,584.97","5,370.21","1,314.77","1,123.00","2,437.77"
2019,Montana,"2,864.70","2,686.92","5,551.62","1,331.98","1,127.22","2,459.20"
2020,Montana,"3,008.46","2,521.25","5,529.71","1,345.18","1,011.38","2,356.56"
2021,Montana,"3,193.78","3,188.36","6,382.14","1,368.36","1,219.53","2,587.89"
2022,Montana,"3,575.92","3,496.01","7,071.93","1,375.25","1,246.40","2,621.65"
2023,Montana,"3,654.05","3,677.28","7,331.33","1,343.14","1,220.12","2,563.26"
2024,Montana,"3,752.23","3,765.59","7,517.82","1,360.19","1,194.21","2,554.40"
2018,Nebraska,"2,562.67","2,486.57","5,049.24","1,303.75","1,077.52","2,381.27"
2019,Nebraska,"2,586.43","2,583.91","5,170.34","1,309.38","1,090.57","2,399.95"
2020,Nebraska,"2,679.13","2,408.84","5,087.97","1,318.26",991.42,"2,309.68"
2021,Nebraska,"2,886.25","3,036.54","5,922.79","1,373.08","1,189.27","2,562.35"
2022,Nebraska,"3,187.48","3,345.97","6,533.45","1,343.64","1,205.21","2,548.85"
2023,Nebraska,"3,205.16","3,525.26","6,730.42","1,284.10","1,188.80","2,472.90"
2024,Nebraska,"3,230.09","3,604.92","6,835.01","1,279.81","1,174.87","2,454.68"
2018,Nevada,"2,492.96","4,613.02","7,105.98","1,176.80","2,004.06","3,180.86"
2019,Nevada,"2,571.37","4,731.66","7,303.03","1,195.59","1,985.02","3,180.61"
2020,Nevada,"2,818.89","3,798.82","6,617.71","1,260.41","1,523.87","2,784.28"
2021,Nevada,"2,971.29","5,054.81","8,026.10","1,273.04","1,933.44","3,206.48"
2022,Nevada,"3,348.55","5,985.83","9,334.38","1,287.81","2,134.08","3,421.89"
2023,Nevada,"3,462.01","6,699.31","10,161.32","1,272.55","2,222.83","3,495.38"
2024,Nevada,"3,567.36","7,007.21","10,574.57","1,293.18","2,222.25","3,515.43"
2018,New Hampshire,"3,517.39","3,244.55","6,761.94","1,681.94","1,464.46","3,146.40"
2019,New Hampshire,"3,619.56","3,385.96","7,005.52","1,717.05","1,485.69","3,202.74"
2020,New Hampshire,"3,829.23","2,941.38","6,770.61","1,756.33","1,245.57","3,001.90"
2021,New Hampshire,"3,936.22","3,658.95","7,595.17","1,763.98","1,478.99","3,242.97"
2022,New Hampshire,"3,940.50","4,101.90","8,042.40","1,603.59","1,551.21","3,154.80"
2023,New Hampshire,"3,699.17","4,304.21","8,003.38","1,436.68","1,523.12","2,959.80"
2024,New Hampshire,"3,453.39","4,396.20","7,849.59","1,329.22","1,490.67","2,819.89"
2018,New Jersey,"2,270.03","2,842.54","5,112.57","1,085.49","1,283.01","2,368.50"
2019,New Jersey,"2,323.00","2,968.86","5,291.86","1,101.99","1,302.67","2,404.66"
2020,New Jersey,"2,337.71","2,346.15","4,683.86","1,072.22",993.51,"2,065.73"
2021,New Jersey,"2,444.41","3,016.04","5,460.45","1,095.44","1,219.12","2,314.56"
2022,New Jersey,"2,697.21","3,590.96","6,288.17","1,097.63","1,357.99","2,455.62"
2023,New Jersey,"2,705.51","3,942.33","6,647.84","1,050.77","1,395.06","2,445.83"
2024,New Jersey,"2,710.51","4,138.86","6,849.37","1,043.29","1,403.41","2,446.70"
2018,New Mexico,"2,365.28","2,515.80","4,881.08","1,116.53","1,092.95","2,209.48"
2019,New Mexico,"2,441.18","2,623.64","5,064.82","1,135.06","1,100.67","2,235.73"
2020,New Mexico,"2,606.30","2,314.92","4,921.22","1,165.36",928.61,"2,093.97"
2021,New Mexico,"2,796.70","2,982.82","5,779.52","1,198.23","1,140.91","2,339.14"
2022,New Mexico,"3,191.40","3,438.14","6,629.54","1,227.37","1,225.77","2,453.14"
2023,New Mexico,"3,271.53","3,791.26","7,062.79","1,202.53","1,257.94","2,460.47"
2024,New Mexico,"3,359.03","3,959.40","7,318.43","1,217.66","1,255.67","2,473.33"
2018,New York,"2,221.05","3,286.67","5,507.72","1,062.06","1,483.48","2,545.54"
2019,New York,"2,264.58","3,412.33","5,676.91","1,074.27","1,497.26","2,571.53"
2020,New York,"2,222.95","2,480.50","4,703.45","1,019.59","1,050.41","2,070.00"
2021,New York,"2,363.42","3,185.44","5,548.86","1,059.15","1,287.59","2,346.74"
2022,New York,"2,621.27","3,993.01","6,614.28","1,066.73","1,510.03","2,576.76"
2023,New York,"2,677.65","4,565.58","7,243.23","1,039.94","1,615.61","2,655.55"
2024,New York,"2,728.73","4,928.36","7,657.09","1,050.30","1,671.12","2,721.42"
2018,North Carolina,"2,253.66","2,696.10","4,949.76","1,094.41","1,197.95","2,292.36"
2019,North Carolina,"2,315.67","2,809.44","5,125.11","1,116.84","1,211.08","2,327.92"
2020,North Carolina,"2,537.40","2,581.31","5,118.71","1,182.18","1,083.16","2,265.34"
2021,North Carolina,"2,706.64","3,094.23","5,800.87","1,219.15","1,250.05","2,469.20"
2022,North Carolina,"2,905.48","3,595.14","6,500.62","1,175.01","1,347.68","2,522.69"
2023,North Carolina,"2,867.89","3,795.60","6,663.49","1,100.98","1,328.34","2,429.32"
2024,North Carolina,"2,841.19","3,884.78","6,725.97","1,077.33","1,308.70","2,386.03"
2018,North Dakota,"2,564.09","2,527.12","5,091.21","1,304.47","1,095.09","2,399.56"
2019,North Dakota,"2,532.55","2,592.74","5,125.29","1,282.11","1,094.29","2,376.40"
2020,North Dakota,"2,567.32","2,386.91","4,954.23","1,263.24",982.40,"2,245.64"
2021,North Dakota,"2,772.70","2,993.63","5,766.33","1,319.06","1,172.47","2,491.53"
2022,North Dakota,"2,973.69","3,179.57","6,153.26","1,253.52","1,145.27","2,398.79"
2023,North Dakota,"2,947.94","3,248.60","6,196.54","1,181.05","1,095.51","2,276.56"
2024,North Dakota,"2,940.13","3,262.36","6,202.49","1,164.92","1,063.23","2,228.15"
2018,Ohio,"2,457.38","2,655.58","5,112.96","1,250.18","1,150.76","2,400.94"
2019,Ohio,"2,484.84","2,748.34","5,233.18","1,257.95","1,159.97","2,417.92"
2020,Ohio,"2,610.56","2,474.44","5,085.00","1,284.52","1,018.42","2,302.94"
2021,Ohio,"2,736.74","2,991.26","5,728.00","1,301.96","1,171.54","2,473.50"
2022,Ohio,"2,950.51","3,361.28","6,311.79","1,243.75","1,210.72","2,454.47"
2023,Ohio,"2,955.26","3,525.08","6,480.34","1,183.98","1,188.75","2,372.73"
2024,Ohio,"2,961.99","3,598.43","6,560.42","1,173.58","1,172.76","2,346.34"
2018,Oklahoma,"2,297.52","2,525.37","4,822.89","1,115.71","1,122.09","2,237.80"
2019,Oklahoma,"2,318.03","2,647.61","4,965.64","1,117.97","1,141.31","2,259.28"
2020,Oklahoma,"2,543.48","2,579.68","5,123.16","1,185.01","1,082.48","2,267.49"
2021,Oklahoma,"2,717.37","3,086.32","5,803.69","1,223.98","1,246.85","2,470.83"
2022,Oklahoma,"3,068.26","3,346.76","6,415.02","1,240.84","1,254.58","2,495.42"
2023,Oklahoma,"3,097.22","3,464.05","6,561.27","1,189.01","1,212.31","2,401.32"
2024,Oklahoma,"3,143.43","3,494.86","6,638.29","1,191.93","1,177.34","2,369.27"
2018,Oregon,"2,737.53","2,762.38","5,499.91","1,292.25","1,200.07","2,492.32"
2019,Oregon,"2,817.90","2,856.90","5,674.80","1,310.22","1,198.52","2,508.74"
2020,Oregon,"3,010.82","2,405.57","5,416.39","1,346.23",964.98,"2,311.21"
2021,Oregon,"3,215.99","2,975.74","6,191.73","1,377.88","1,138.20","2,516.08"
2022,Oregon,"3,566.40","3,477.65","7,044.05","1,371.59","1,239.86","2,611.45"
2023,Oregon,"3,612.80","3,838.64","7,451.44","1,327.97","1,273.66","2,601.63"
2024,Oregon,"3,655.64","4,058.51","7,714.15","1,325.18","1,287.10","2,612.28"
2018,Pennsylvania,"2,348.33","2,435.29","4,783.62","1,122.92","1,099.19","2,222.11"
2019,Pennsylvania,"2,392.84","2,534.63","4,927.47","1,135.12","1,112.14","2,247.26"
2020,Pennsylvania,"2,466.76","2,085.81","4,552.57","1,131.41",883.27,"2,014.68"
2021,Pennsylvania,"2,650.05","2,549.96","5,200.01","1,187.60","1,030.72","2,218.32"
2022,Pennsylvania,"2,816.87","2,977.25","5,794.12","1,146.33","1,125.90","2,272.23"
2023,Pennsylvania,"2,891.43","3,261.02","6,152.45","1,122.97","1,153.97","2,276.94"
2024,Pennsylvania,"2,965.86","3,417.36","6,383.22","1,141.57","1,158.77","2,300.34"
2018,Rhode Island,"2,008.18","3,219.38","5,227.56",960.27,"1,453.10","2,413.37"
2019,Rhode Island,"2,070.15","3,370.42","5,440.57",982.04,"1,478.87","2,460.91"
2020,Rhode Island,"2,066.09","2,713.65","4,779.74",947.64,"1,149.14","2,096.78"
2021,Rhode Island,"2,269.45","3,554.69","5,824.14","1,017.03","1,436.85","2,453.88"
2022,Rhode Island,"2,570.55","4,077.92","6,648.47","1,046.08","1,542.14","2,588.22"
2023,Rhode Island,"2,644.96","4,413.39","7,058.35","1,027.25","1,561.76","2,589.01"
2024,Rhode Island,"2,715.99","4,561.16","7,277.15","1,045.39","1,546.61","2,592.00"
2018,South Carolina,"2,295.78","2,906.51","5,202.29","1,114.86","1,291.44","2,406.30"
2019,South Carolina,"2,341.76","3,025.51","5,367.27","1,129.42","1,304.22","2,433.64"
2020,South Carolina,"2,547.99","2,928.75","5,476.74","1,187.11","1,228.95","2,416.06"
2021,South Carolina,"2,658.22","3,529.71","6,187.93","1,197.34","1,425.98","2,623.32"
2022,South Carolina,"2,979.08","3,903.37","6,882.45","1,204.77","1,463.23","2,668.00"
2023,South Carolina,"2,993.60","4,109.38","7,102.98","1,149.23","1,438.15","2,587.38"
2024,South Carolina,"3,024.17","4,178.66","7,202.83","1,146.71","1,407.70","2,554.41"
2018,South Dakota,"2,475.14","2,437.28","4,912.42","1,259.22","1,056.16","2,315.38"
2019,South Dakota,"2,459.23","2,489.08","4,948.31","1,244.99","1,050.54","2,295.53"
2020,South Dakota,"2,548.71","2,328.48","4,877.19","1,254.09",958.35,"2,212.44"
2021,South Dakota,"2,722.79","2,909.72","5,632.51","1,295.32","1,139.60","2,434.92"
2022,South Dakota,"3,092.31","3,183.58","6,275.89","1,303.52","1,146.71","2,450.23"
2023,South Dakota,"3,155.64","3,339.11","6,494.75","1,264.26","1,126.03","2,390.29"
2024,South Dakota,"3,245.25","3,434.14","6,679.39","1,285.82","1,119.21","2,405.03"
2018,Tennessee,"2,299.04","2,958.78","5,257.82","1,116.45","1,314.66","2,431.11"
2019,Tennessee,"2,336.22","3,101.96","5,438.18","1,126.75","1,337.18","2,463.93"
2020,Tennessee,"2,753.02","2,851.59","5,604.61","1,282.63","1,196.57","2,479.20"
2021,Tennessee,"2,895.06","3,427.96","6,323.02","1,304.02","1,384.88","2,688.90"
2022,Tennessee,"3,211.08","3,844.10","7,055.18","1,298.60","1,441.01","2,739.61"
2023,Tennessee,"3,272.28","4,085.27","7,357.55","1,256.22","1,429.71","2,685.93"
2024,Tennessee,"3,316.31","4,202.02","7,518.33","1,257.48","1,415.57","2,673.05"
2018,Texas,"2,375.88","3,065.16","5,441.04","1,153.76","1,361.93","2,515.69"
2019,Texas,"2,432.86","3,212.89","5,645.75","1,173.36","1,384.99","2,558.35"
2020,Texas,"2,637.25","2,947.69","5,584.94","1,228.70","1,236.90","2,465.60"
2021,Texas,"2,806.28","3,573.93","6,380.21","1,264.03","1,443.84","2,707.87"
2022,Texas,"3,131.22","4,027.54","7,158.76","1,266.30","1,509.78","2,776.08"
2023,Texas,"3,175.47","4,278.79","7,454.26","1,219.05","1,497.44","2,716.49"
2024,Texas,"3,233.43","4,375.21","7,608.64","1,226.06","1,473.91","2,699.97"
2018,Utah,"2,843.97","2,526.82","5,370.79","1,342.49","1,097.74","2,440.23"
2019,Utah,"2,915.40","2,637.71","5,553.11","1,355.55","1,106.57","2,462.12"
2020,Utah,"3,043.68","2,489.32","5,533.00","1,360.92",998.58,"2,359.50"
2021,Utah,"3,297.89","3,021.02","6,318.91","1,412.97","1,155.52","2,568.49"
2022,Utah,"3,500.39","3,377.21","6,877.60","1,346.20","1,204.05","2,550.25"
2023,Utah,"3,589.00","3,573.32","7,162.32","1,319.23","1,185.63","2,504.86"
2024,Utah,"3,680.58","3,691.47","7,372.05","1,334.22","1,170.70","2,504.92"
2018,Vermont,"2,399.02","2,716.95","5,115.97","1,147.16","1,226.32","2,373.48"
2019,Vermont,"2,433.97","2,798.94","5,232.91","1,154.63","1,228.11","2,382.74"
2020,Vermont,"2,450.19","2,257.19","4,707.38","1,123.81",955.84,"2,079.65"
2021,Vermont,"2,571.63","2,822.75","5,394.38","1,152.45","1,140.99","2,293.44"
2022,Vermont,"2,799.76","3,169.72","5,969.48","1,139.37","1,198.69","2,338.06"
2023,Vermont,"2,803.97","3,379.80","6,183.77","1,089.01","1,196.01","2,285.02"
2024,Vermont,"2,820.23","3,516.69","6,336.92","1,085.52","1,192.45","2,277.97"
2018,Virginia,"2,501.66","2,823.50","5,325.16","1,214.84","1,254.56","2,469.40"
2019,Virginia,"2,537.21","2,909.39","5,446.60","1,223.68","1,254.16","2,477.84"
2020,Virginia,"2,690.20","2,507.48","5,197.68","1,253.37","1,052.18","2,305.55"
2021,Virginia,"2,863.69","2,968.86","5,832.55","1,289.89","1,199.40","2,489.29"
2022,Virginia,"3,118.10","3,531.40","6,649.50","1,261.00","1,323.79","2,584.79"
2023,Virginia,"3,053.82","3,757.00","6,810.82","1,172.35","1,314.83","2,487.18"
2024,Virginia,"3,003.83","3,857.04","6,860.87","1,139.00","1,299.35","2,438.35"
2018,Washington,"4,924.80","3,198.48","8,123.28","2,324.74","1,389.53","3,714.27"
2019,Washington,"5,163.60","3,314.96","8,478.56","2,400.88","1,390.69","3,791.57"
2020,Washington,"5,653.66","2,842.44","8,496.10","2,527.93","1,140.23","3,668.16"
2021,Washington,"5,909.69","3,514.83","9,424.52","2,531.98","1,344.41","3,876.39"
2022,Washington,"3,628.71","3,750.96","7,379.67","1,395.55","1,337.30","2,732.85"
2023,Washington,"3,559.07","4,148.92","7,707.99","1,308.23","1,376.61","2,684.84"
2024,Washington,"3,508.37","4,387.77","7,896.14","1,271.79","1,391.52","2,663.31"
2018,West Virginia,"2,114.16","2,195.10","4,309.26","1,026.67",975.34,"2,002.01"
2019,West Virginia,"2,121.93","2,295.17","4,417.10","1,023.40",989.39,"2,012.79"
2020,West Virginia,"2,221.05","2,127.88","4,348.93","1,034.79",892.89,"1,927.68"
2021,West Virginia,"2,382.90","2,602.18","4,985.08","1,073.33","1,051.26","2,124.59"
2022,West Virginia,"2,599.85","2,739.15","5,339.00","1,051.41","1,026.81","2,078.22"
2023,West Virginia,"2,534.07","2,875.07","5,409.14",972.82,"1,006.18","1,979.00"
2024,West Virginia,"2,469.09","2,884.82","5,353.91",936.23,971.83,"1,908.06"
2018,Wisconsin,"2,350.62","2,325.84","4,676.46","1,195.87","1,007.87","2,203.74"
2019,Wisconsin,"2,379.89","2,405.50","4,785.39","1,204.82","1,015.27","2,220.09"
2020,Wisconsin,"2,504.42","2,129.57","4,633.99","1,232.29",876.48,"2,108.77"
2021,Wisconsin,"2,651.13","2,588.08","5,239.21","1,261.23","1,013.63","2,274.86"
2022,Wisconsin,"2,931.24","2,891.32","5,822.56","1,235.62","1,041.45","2,277.07"
2023,Wisconsin,"2,978.19","3,029.99","6,008.18","1,193.17","1,021.79","2,214.96"
2024,Wisconsin,"3,041.79","3,098.56","6,140.35","1,205.20","1,009.85","2,215.05"
2018,Wyoming,"2,707.58","2,803.56","5,511.14","1,278.11","1,217.96","2,496.07"
2019,Wyoming,"2,753.64","2,933.82","5,687.46","1,280.34","1,230.79","2,511.13"
2020,Wyoming,"2,982.31","2,843.70","5,826.01","1,333.48","1,140.73","2,474.21"
2021,Wyoming,"3,175.06","3,631.80","6,806.86","1,360.34","1,389.14","2,749.48"
2022,Wyoming,"3,596.26","3,903.34","7,499.60","1,383.07","1,391.63","2,774.70"
2023,Wyoming,"3,637.66","4,056.73","7,694.39","1,337.11","1,346.02","2,683.13"
2024,Wyoming,"3,696.16","4,101.87","7,798.03","1,339.87","1,300.85","2,640.72"